{
  "question": {
    "average": 3.983024519550199e-07,
    "standard_deviation": 5.613904987961153e-07,
    "median": 0.0,
    "min": 0.0,
    "max": 1.7075472925031877e-06
  },
  "synonym_change": {
    "average": 22.217466275340698,
    "standard_deviation": 11.373731356144415,
    "median": 19.77520796477973,
    "min": 0.6977653620989406,
    "max": 52.25622590771705
  },
  "antonym_change": {
    "average": 33.87655182130616,
    "standard_deviation": 11.016540449048183,
    "median": 33.63472465567837,
    "min": 5.672748302301259,
    "max": 65.52166728619177
  },
  "paraphrase_change": {
    "average": 20.010866697713137,
    "standard_deviation": 9.153126077137898,
    "median": 20.102071006759616,
    "min": 2.903474909298399,
    "max": 46.479769633150156
  },
  "letter_change": {
    "average": 26.707916836270876,
    "standard_deviation": 15.223903511031205,
    "median": 26.88059427295515,
    "min": 0.0,
    "max": 54.81866739083262
  }
}